Workbook

Sheet Censal
A1: Fuente | B1: Zona | C1: Fecha | D1: PTotal | E1: PTMasc | F1: PTFem | G1: PTUrbano | H1: PTRural | I1: PTCPR | J1: PT0_6 | K1: PT7_12 | L1: PT13_18 | M1: PT15_64 | N1: PT60Max | O1: PM0_6 | P1: PM7_12 | Q1: PM13_18 | R1: PM15_64 | S1: PM60Max | T1: PF0_6 | U1: v7_12 | V1: PF13_18 | W1: PF15_64 | X1: PF60Max
A2: DANE | B2: Municipio | C2: 1973 | D2: 1296
A3: =$A$2 -> DANE | B3: =$B$2 -> Municipio | C3: 1985 | D3: 1903
A4: =$A$2 -> DANE | B4: =$B$2 -> Municipio | C4: 1993 | D4: 2319
A5: =$A$2 -> DANE | B5: =$B$2 -> Municipio | C5: 2005 | D5: 2106
A6: =$A$2 -> DANE | B6: =$B$2 -> Municipio | C6: 2018 | D6: 2444

Sheet DinamicaDemografica
B2: Ejemplo de dinámica demográfica municipal
B4: Nacen (N) → | C4: 17 | F4: 30 | G4: ← Inmigran (I)
C5: Población inicial (Po)
D6: =MAX(Censal!D2:D95) -> 2444
B7: Mueren (D) → | C7: 18 | F7: 25 | G7: ← Emigran (E)
C8: ↓ | F8: ↓
B9: Saldo vegetativo (CV = N - D) | C9: =C4-C7 -> -1 | F9: =F4-F7 -> 5 | G9: Saldo migratorio (MN = I - E)
C10: ↓ | F10: ↓
C11: Saldo o crecimiento total (CT = CV + MN)
C12: =C9+F9 -> 4
C13: ↓ | F13: ↓
B14: Población final (Pr = Po + CT) | C14: =D6+C12 -> 2448 | F14: =(D6+C14)/2 -> 2446 | G14: Población promedio (PM = (Po + Pr) / 2)
B16: Tasas
B17: Tasa de crecimiento total por cada 1000 habitantes, TCT = (CT / PM) * 1000 | G17: =(C12/F14)*1000 -> 1.635323
B18: Tasa bruta de natalidad por cada 1000 habitantes, TBN = (N / PM) * 1000 | G18: =(C4/F14)*1000 -> 6.9501226
B19: Tasa bruta de mortalidad por cada 1000 habitantes, TBM = (D / PM) * 1000 | G19: =(C7/F14)*1000 -> 7.3589534
B20: Tasa de crecimiento vegetativo por cada 1000 habitantes, TCV = TBN - TBM | G20: =G18-G19 -> -0.40883074
B21: Tasa de inmigración por cada 1000 habitantes, TI = (I / PM) * 1000 | G21: =(F4/F14)*1000 -> 12.264922
B22: Tasa de emigración por cada 1000 habitantes, TE = (E / PM) * 1000 | G22: =(F7/F14)*1000 -> 10.220769
B23: Tasa de migración neta por cada 1000 habitantes, TMN = TI - TE | G23: =G21-G22 -> 2.0441537

Sheet ProyectadaTotal
B2: Análisis de tendencias
B3: Tendencias y constantes | D3: Tendencias | E3: Lineal | F3: Polinomio grado 2 | G3: Polinomio grado 3 | H3: Polinomio grado 4 | I3: Polinomio grado 5 | J3: Polinomio grado 6 | K3: Logarítmica | L3: Potencial | M3: Exponencial | O3: Tendencias | P3: Aritmético | Q3: Geométrico | R3: Exponencial | S3: Wappus
D4: c1 | E4: {=INDEX(LINEST(Censal!D2:D6,Censal!C2:C6^{1},TRUE,TRUE),1,1)} -> 22.276134 | F4: {=INDEX(LINEST(Censal!D2:D6,Censal!C2:C6^{1,2},TRUE,TRUE),1,1)} -> -0.67688904 | G4: {=INDEX(LINEST(Censal!D2:D6,Censal!C2:C6^{1,2,3},TRUE,TRUE),1,1)} -> 0.045148957 | H4: {=INDEX(LINEST(Censal!D2:D6,Censal!C2:C6^{1,2,3,4},TRUE,TRUE),1,1)} -> 1.7087533e-05 | I4: {=INDEX(LINEST(Censal!D2:D6,Censal!C2:C6^{1,2,3,4,5},TRUE,TRUE),1,1)} -> 6.8981841e-09 | J4: {=INDEX(LINEST(Censal!D2:D6,Censal!C2:C6^{1,2,3,4,5,6},TRUE,TRUE),1,1)} -> 2.9007753e-12 | K4: {=INDEX(LINEST(Censal!D2:D6,LN(Censal!C2:C6)^{1},TRUE,TRUE),1,1)} -> 44520.45 | L4: {=INDEX(LINEST(LOG(Censal!D2:D6),LOG(Censal!C2:C6)^{1},TRUE,TRUE),1,1)} -> 24.409614 | M4: {=INDEX(LINEST(LN(Censal!D2:D6),Censal!C2:C6^{1},TRUE,TRUE),1,1)} -> 0.012210045 | O4: c1 | P4: =+(Censal!$D$6-Censal!D2)/(Censal!$C$6-Censal!C2)/Censal!D2 -> 0.019684499 | Q4: =+(Censal!$D$6/Censal!D2)^(1/(Censal!$C$6-Censal!C2))-1 -> 0.014196571 | R4: =+(LN(Censal!D3)-LN(Censal!D2))/(Censal!C3-Censal!C2) -> 0.032012416 | S4: =200*(Censal!$D$6-Censal!D2)/(Censal!$C$6-Censal!C2)/(Censal!D2+Censal!$D$6) -> 1.3642305
D5: c2 | E5: {=INDEX(LINEST(Censal!D2:D6,Censal!C2:C6^{1},TRUE,TRUE),1,2)} -> -42422.832 | F5: {=INDEX(LINEST(Censal!D2:D6,Censal!C2:C6^{1,2},TRUE,TRUE),1,2)} -> 2724.0394 | G5: {=INDEX(LINEST(Censal!D2:D6,Censal!C2:C6^{1,2,3},TRUE,TRUE),1,2)} -> -270.92109 | H5: {=INDEX(LINEST(Censal!D2:D6,Censal!C2:C6^{1,2,3,4},TRUE,TRUE),1,2)} -> -0.091144614 | I5: {=INDEX(LINEST(Censal!D2:D6,Censal!C2:C6^{1,2,3,4,5},TRUE,TRUE),1,2)} -> -3.4495841e-05 | J5: {=INDEX(LINEST(Censal!D2:D6,Censal!C2:C6^{1,2,3,4,5,6},TRUE,TRUE),1,2)} -> -1.3925996e-08 | K5: {=INDEX(LINEST(Censal!D2:D6,LN(Censal!C2:C6)^{1},TRUE,TRUE),1,2)} -> -336264.73 | L5: {=INDEX(LINEST(LOG(Censal!D2:D6),LOG(Censal!C2:C6)^{1},TRUE,TRUE),1,2)} -> -77.255166 | M5: {=EXP(INDEX(LINEST(LN(Censal!D2:D6),Censal!C2:C6^{1},TRUE,TRUE),1,2))} -> 5.1980978e-08 | O5: c2 | P5: =+(Censal!$D$6-Censal!D3)/(Censal!$C$6-Censal!C3)/Censal!D3 -> 0.0086147869 | Q5: =+(Censal!$D$6/Censal!D3)^(1/(Censal!$C$6-Censal!C3))-1 -> 0.0076107689 | R5: =+(LN(Censal!D4)-LN(Censal!D3))/(Censal!C4-Censal!C3) -> 0.024713059 | S5: =200*(Censal!$D$6-Censal!D3)/(Censal!$C$6-Censal!C3)/(Censal!D3+Censal!$D$6) -> 0.75426452
D6: c3 | F6: {=INDEX(LINEST(Censal!D2:D6,Censal!C2:C6^{1,2},TRUE,TRUE),1,3)} -> -2738240.2 | G6: {=INDEX(LINEST(Censal!D2:D6,Censal!C2:C6^{1,2,3},TRUE,TRUE),1,3)} -> 541896.69 | H6: {=INDEX(LINEST(Censal!D2:D6,Censal!C2:C6^{1,2,3,4},TRUE,TRUE),1,3)} -> 136.7335 | I6: {=INDEX(LINEST(Censal!D2:D6,Censal!C2:C6^{1,2,3,4,5},TRUE,TRUE),1,3)} -> 0.046000979 | J6: {=INDEX(LINEST(Censal!D2:D6,Censal!C2:C6^{1,2,3,4,5,6},TRUE,TRUE),1,3)} -> 1.741032e-05 | O6: c3 | P6: =+(Censal!$D$6-Censal!D4)/(Censal!$C$6-Censal!C4)/Censal!D4 -> 0.0021561018 | Q6: =+(Censal!$D$6/Censal!D4)^(1/(Censal!$C$6-Censal!C4))-1 -> 0.0021022059 | R6: =+(LN(Censal!D5)-LN(Censal!D4))/(Censal!C5-Censal!C4) -> -0.0080288037 | S6: =200*(Censal!$D$6-Censal!D4)/(Censal!$C$6-Censal!C4)/(Censal!D4+Censal!$D$6) -> 0.20995171
D7: c4 | G7: {=INDEX(LINEST(Censal!D2:D6,Censal!C2:C6^{1,2,3},TRUE,TRUE),1,4)} -> -3.6129848e+08 | H7: {=INDEX(LINEST(Censal!D2:D6,Censal!C2:C6^{1,2,3,4},TRUE,TRUE),1,4)} -> 0 | I7: {=INDEX(LINEST(Censal!D2:D6,Censal!C2:C6^{1,2,3,4,5},TRUE,TRUE),1,4)} -> 0 | J7: {=INDEX(LINEST(Censal!D2:D6,Censal!C2:C6^{1,2,3,4,5,6},TRUE,TRUE),1,4)} -> 0 | O7: c4 | P7: =+(Censal!$D$6-Censal!D5)/(Censal!$C$6-Censal!C5)/Censal!D5 -> 0.012345679 | Q7: =+(Censal!$D$6/Censal!D5)^(1/(Censal!$C$6-Censal!C5))-1 -> 0.011515462 | R7: =+(LN(Censal!D6)-LN(Censal!D5))/(Censal!C6-Censal!C5) -> 0.011449664 | S7: =200*(Censal!$D$6-Censal!D5)/(Censal!$C$6-Censal!C5)/(Censal!D5+Censal!$D$6) -> 1.1428571
D8: c5 | H8: {=INDEX(LINEST(Censal!D2:D6,Censal!C2:C6^{1,2,3,4},TRUE,TRUE),1,5)} -> -91175440 | I8: {=INDEX(LINEST(Censal!D2:D6,Censal!C2:C6^{1,2,3,4,5},TRUE,TRUE),1,5)} -> 0 | J8: {=INDEX(LINEST(Censal!D2:D6,Censal!C2:C6^{1,2,3,4,5,6},TRUE,TRUE),1,5)} -> 0
D9: c6 | I9: {=INDEX(LINEST(Censal!D2:D6,Censal!C2:C6^{1,2,3,4,5},TRUE,TRUE),1,6)} -> -36814091 | J9: {=INDEX(LINEST(Censal!D2:D6,Censal!C2:C6^{1,2,3,4,5,6},TRUE,TRUE),1,6)} -> 0
D10: c7 | J10: {=INDEX(LINEST(Censal!D2:D6,Censal!C2:C6^{1,2,3,4,5,6},TRUE,TRUE),1,7)} -> -18580702 | O10: TC% | P10: =+AVERAGE(P4:P9) -> 0.010700267 | Q10: =+AVERAGE(Q4:Q9) -> 0.0088562519 | R10: =+AVERAGE(R4:R9) -> 0.015036584 | S10: =+IF(AVERAGE(S4:S7)*(Censal!C6+ProyectadaTotal!C17-Censal!C2)<200,AVERAGE(S4:S7)/100,"No Aplica") -> 0.0086782598
D11: R² | E11: {=INDEX(LINEST(Censal!D2:D6,Censal!C2:C6^{1},TRUE,TRUE),3,1)} -> 0.7415664 | F11: {=INDEX(LINEST(Censal!D2:D6,Censal!C2:C6^{1,2},TRUE,TRUE),3,1)} -> 0.87400949 | G11: {=INDEX(LINEST(Censal!D2:D6,Censal!C2:C6^{1,2,3},TRUE,TRUE),3,1)} -> 0.94450036 | H11: {=INDEX(LINEST(Censal!D2:D6,Censal!C2:C6^{1,2,3,4},TRUE,TRUE),3,1)} -> 0.94481579 | I11: {=INDEX(LINEST(Censal!D2:D6,Censal!C2:C6^{1,2,3,4,5},TRUE,TRUE),3,1)} -> 0.94513205 | J11: {=INDEX(LINEST(Censal!D2:D6,Censal!C2:C6^{1,2,3,4,5,6},TRUE,TRUE),3,1)} -> 0.94544913 | K11: {=INDEX(LINEST(Censal!D2:D6,LN(Censal!C2:C6)^{1},TRUE,TRUE),3,1)} -> 0.74374999 | L11: {=INDEX(LINEST(LOG(Censal!D2:D6),LOG(Censal!C2:C6)^{1},TRUE,TRUE),3,1)} -> 0.71648502 | M11: {=INDEX(LINEST(LN(Censal!D2:D6),Censal!C2:C6^{1},TRUE,TRUE),3,1)} -> 0.71397392 | O11: R² | P11: =+CORREL($P$31:$P$35,Q31:Q35) -> 0.86110966 | Q11: =+CORREL($P$31:$P$35,R31:R35) -> 0.82334405 | R11: =+CORREL($P$31:$P$35,S31:S35) -> 0.82080864 | S11: =+CORREL($P$31:$P$35,T31:T35) -> 0.83559963
D12: Mejor ajuste numérico | E12: =IF(E11=MAX($E$11:$M$11),"✓","") | F12: =IF(F11=MAX($E$11:$M$11),"✓","") | G12: =IF(G11=MAX($E$11:$M$11),"✓","") | H12: =IF(H11=MAX($E$11:$M$11),"✓","") | I12: =IF(I11=MAX($E$11:$M$11),"✓","") | J12: =IF(J11=MAX($E$11:$M$11),"✓","") -> ✓ | K12: =IF(K11=MAX($E$11:$M$11),"✓","") | L12: =IF(L11=MAX($E$11:$M$11),"✓","") | M12: =IF(M11=MAX($E$11:$M$11),"✓","") | O12: Mejor ajuste numérico | P12: =IF(P11=MAX($P$11:$S$11),"✓","") -> ✓ | Q12: =IF(Q11=MAX($P$11:$S$11),"✓","") | R12: =IF(R11=MAX($P$11:$S$11),"✓","") | S12: =IF(S11=MAX($E$11:$M$11),"✓","")
D13: Observación | G13: Sobre ajuste | H13: Sobre ajuste | I13: Sobre ajuste | J13: Sobre ajuste | O13: Observación
D14: Mejor ajuste visual | K14: ✓ | O14: Mejor ajuste visual | P14: ✓
B16: Proyección de población
B17: Proyecciones cada | C17: 3 | D17: años desde el siguiente año censal del registro histórico
B18: Fuente | C18: Zona | D18: Fecha | E18: =E3 -> Lineal | F18: =F3 -> Polinomio grado 2 | G18: =G3 -> Polinomio grado 3 | H18: =H3 -> Polinomio grado 4 | I18: =I3 -> Polinomio grado 5 | J18: =J3 -> Polinomio grado 6 | K18: =K3 -> Logarítmica | L18: =L3 -> Potencial | M18: =M3 -> Exponencial | O18: Fecha | P18: Proyección DANE | Q18: =P3 -> Aritmético | R18: Geométrico | S18: Exponencial RAS 2000 | T18: Wappus
B19: Proyectada | C19: =Censal!$B$2 -> Municipio | D19: =+MAX(Censal!C2:C6)+$C$17 -> 2021 | E19: =ROUND($E$4*$D19+$E$5,0) -> 2597 | F19: =ROUND($F$4*$D19^2+$F$5*$D19+$F$6,0) -> 2330 | G19: =ROUND($G$4*$D19^3+$G$5*$D19^2+$G$6*$D19+$G$7,0) -> 2579 | H19: =ROUND($H$4*$D19^4+$H$5*$D19^3+$H$6*$D19^2+$H$7*$D19+$H$8,0) -> 2581 | I19: =ROUND($I$4*$D19^5+$I$5*$D19^4+$I$6*$D19^3+$I$7*$D19^2+$I$8*$D19+$I$9,0) -> 2584 | J19: =ROUND($J$4*$D19^6+$J$5*$D19^5+$J$6*$D19^4+$J$7*$D19^3+$J$8*$D19^2+$J$9*$D19+$J$10,0) -> 2586 | K19: =ROUND($K$4*LN(D19)+$K$5,0) -> 2596 | L19: =ROUND(10^$L$5*$D19^$L$4,0) -> 2707 | M19: =ROUND($M$5*EXP($M$4*$D19),0) -> 2708 | O19: =+D19 -> 2021 | P19: 2586 | Q19: =ROUND(Censal!$D$6+($P$10*Censal!$D$6*(O19-Censal!$C$6)),0) -> 2522 | R19: =ROUND(Censal!$D$6*(1+ProyectadaTotal!$Q$4)^(ProyectadaTotal!O19-Censal!$C$6),0) -> 2550 | S19: =ROUND(Censal!$D$2*EXP(ProyectadaTotal!$R$10*(ProyectadaTotal!O19-Censal!$C$2)),0) -> 2667 | T19: =ROUND(Censal!$D$2*(200+(ProyectadaTotal!$S$10*100*(ProyectadaTotal!O19-Censal!$C$2)))/(200-(ProyectadaTotal!$S$10*100*(ProyectadaTotal!O19-Censal!$C$2))),0) -> 1978
B20: =B19 -> Proyectada | C20: =Censal!$B$2 -> Municipio | D20: =+D19+$C$17 -> 2024 | E20: =ROUND($E$4*$D20+$E$5,0) -> 2664 | F20: =ROUND($F$4*$D20^2+$F$5*$D20+$F$6,0) -> 2288 | G20: =ROUND($G$4*$D20^3+$G$5*$D20^2+$G$6*$D20+$G$7,0) -> 2781 | H20: =ROUND($H$4*$D20^4+$H$5*$D20^3+$H$6*$D20^2+$H$7*$D20+$H$8,0) -> 2786 | I20: =ROUND($I$4*$D20^5+$I$5*$D20^4+$I$6*$D20^3+$I$7*$D20^2+$I$8*$D20+$I$9,0) -> 2791 | J20: =ROUND($J$4*$D20^6+$J$5*$D20^5+$J$6*$D20^4+$J$7*$D20^3+$J$8*$D20^2+$J$9*$D20+$J$10,0) -> 2797 | K20: =ROUND($K$4*LN(D20)+$K$5,0) -> 2662 | L20: =ROUND(10^$L$5*$D20^$L$4,0) -> 2806 | M20: =ROUND($M$5*EXP($M$4*$D20),0) -> 2809 | O20: =+O19+$C$17 -> 2024 | P20: 2769 | Q20: =ROUND(Censal!$D$6+($P$10*Censal!$D$6*(O20-Censal!$C$6)),0) -> 2601 | R20: =ROUND(Censal!$D$6*(1+ProyectadaTotal!$Q$4)^(ProyectadaTotal!O20-Censal!$C$6),0) -> 2660 | S20: =ROUND(Censal!$D$2*EXP(ProyectadaTotal!$R$10*(ProyectadaTotal!O20-Censal!$C$2)),0) -> 2790 | T20: =ROUND(Censal!$D$2*(200+(ProyectadaTotal!$S$10*100*(ProyectadaTotal!O20-Censal!$C$2)))/(200-(ProyectadaTotal!$S$10*100*(ProyectadaTotal!O20-Censal!$C$2))),0) -> 2033
B21: =B20 -> Proyectada | C21: =Censal!$B$2 -> Municipio | D21: =+D20+$C$17 -> 2027 | E21: =ROUND($E$4*$D21+$E$5,0) -> 2731 | F21: =ROUND($F$4*$D21^2+$F$5*$D21+$F$6,0) -> 2234 | G21: =ROUND($G$4*$D21^3+$G$5*$D21^2+$G$6*$D21+$G$7,0) -> 3041 | H21: =ROUND($H$4*$D21^4+$H$5*$D21^3+$H$6*$D21^2+$H$7*$D21+$H$8,0) -> 3051 | I21: =ROUND($I$4*$D21^5+$I$5*$D21^4+$I$6*$D21^3+$I$7*$D21^2+$I$8*$D21+$I$9,0) -> 3060 | J21: =ROUND($J$4*$D21^6+$J$5*$D21^5+$J$6*$D21^4+$J$7*$D21^3+$J$8*$D21^2+$J$9*$D21+$J$10,0) -> 3070 | K21: =ROUND($K$4*LN(D21)+$K$5,0) -> 2728 | L21: =ROUND(10^$L$5*$D21^$L$4,0) -> 2910 | M21: =ROUND($M$5*EXP($M$4*$D21),0) -> 2914 | O21: =+O20+$C$17 -> 2027 | P21: 2882 | Q21: =ROUND(Censal!$D$6+($P$10*Censal!$D$6*(O21-Censal!$C$6)),0) -> 2679 | R21: =ROUND(Censal!$D$6*(1+ProyectadaTotal!$Q$4)^(ProyectadaTotal!O21-Censal!$C$6),0) -> 2775 | S21: =ROUND(Censal!$D$2*EXP(ProyectadaTotal!$R$10*(ProyectadaTotal!O21-Censal!$C$2)),0) -> 2919 | T21: =ROUND(Censal!$D$2*(200+(ProyectadaTotal!$S$10*100*(ProyectadaTotal!O21-Censal!$C$2)))/(200-(ProyectadaTotal!$S$10*100*(ProyectadaTotal!O21-Censal!$C$2))),0) -> 2089
B22: =B21 -> Proyectada | C22: =Censal!$B$2 -> Municipio | D22: =+D21+$C$17 -> 2030 | E22: =ROUND($E$4*$D22+$E$5,0) -> 2798 | F22: =ROUND($F$4*$D22^2+$F$5*$D22+$F$6,0) -> 2168 | G22: =ROUND($G$4*$D22^3+$G$5*$D22^2+$G$6*$D22+$G$7,0) -> 3366 | H22: =ROUND($H$4*$D22^4+$H$5*$D22^3+$H$6*$D22^2+$H$7*$D22+$H$8,0) -> 3382 | I22: =ROUND($I$4*$D22^5+$I$5*$D22^4+$I$6*$D22^3+$I$7*$D22^2+$I$8*$D22+$I$9,0) -> 3398 | J22: =ROUND($J$4*$D22^6+$J$5*$D22^5+$J$6*$D22^4+$J$7*$D22^3+$J$8*$D22^2+$J$9*$D22+$J$10,0) -> 3415 | K22: =ROUND($K$4*LN(D22)+$K$5,0) -> 2794 | L22: =ROUND(10^$L$5*$D22^$L$4,0) -> 3017 | M22: =ROUND($M$5*EXP($M$4*$D22),0) -> 3023 | O22: =+O21+$C$17 -> 2030 | P22: 2975 | Q22: =ROUND(Censal!$D$6+($P$10*Censal!$D$6*(O22-Censal!$C$6)),0) -> 2758 | R22: =ROUND(Censal!$D$6*(1+ProyectadaTotal!$Q$4)^(ProyectadaTotal!O22-Censal!$C$6),0) -> 2894 | S22: =ROUND(Censal!$D$2*EXP(ProyectadaTotal!$R$10*(ProyectadaTotal!O22-Censal!$C$2)),0) -> 3054 | T22: =ROUND(Censal!$D$2*(200+(ProyectadaTotal!$S$10*100*(ProyectadaTotal!O22-Censal!$C$2)))/(200-(ProyectadaTotal!$S$10*100*(ProyectadaTotal!O22-Censal!$C$2))),0) -> 2148
B23: =B22 -> Proyectada | C23: =Censal!$B$2 -> Municipio | D23: =+D22+$C$17 -> 2033 | E23: =ROUND($E$4*$D23+$E$5,0) -> 2865 | F23: =ROUND($F$4*$D23^2+$F$5*$D23+$F$6,0) -> 2089 | G23: =ROUND($G$4*$D23^3+$G$5*$D23^2+$G$6*$D23+$G$7,0) -> 3764 | H23: =ROUND($H$4*$D23^4+$H$5*$D23^3+$H$6*$D23^2+$H$7*$D23+$H$8,0) -> 3788 | I23: =ROUND($I$4*$D23^5+$I$5*$D23^4+$I$6*$D23^3+$I$7*$D23^2+$I$8*$D23+$I$9,0) -> 3813 | J23: =ROUND($J$4*$D23^6+$J$5*$D23^5+$J$6*$D23^4+$J$7*$D23^3+$J$8*$D23^2+$J$9*$D23+$J$10,0) -> 3839 | K23: =ROUND($K$4*LN(D23)+$K$5,0) -> 2859 | L23: =ROUND(10^$L$5*$D23^$L$4,0) -> 3127 | M23: =ROUND($M$5*EXP($M$4*$D23),0) -> 3136 | O23: =+O22+$C$17 -> 2033 | P23: 3031 | Q23: =ROUND(Censal!$D$6+($P$10*Censal!$D$6*(O23-Censal!$C$6)),0) -> 2836 | R23: =ROUND(Censal!$D$6*(1+ProyectadaTotal!$Q$4)^(ProyectadaTotal!O23-Censal!$C$6),0) -> 3019 | S23: =ROUND(Censal!$D$2*EXP(ProyectadaTotal!$R$10*(ProyectadaTotal!O23-Censal!$C$2)),0) -> 3195 | T23: =ROUND(Censal!$D$2*(200+(ProyectadaTotal!$S$10*100*(ProyectadaTotal!O23-Censal!$C$2)))/(200-(ProyectadaTotal!$S$10*100*(ProyectadaTotal!O23-Censal!$C$2))),0) -> 2208
B24: =B23 -> Proyectada | C24: =Censal!$B$2 -> Municipio | D24: =+D23+$C$17 -> 2036 | E24: =ROUND($E$4*$D24+$E$5,0) -> 2931 | F24: =ROUND($F$4*$D24^2+$F$5*$D24+$F$6,0) -> 1998 | G24: =ROUND($G$4*$D24^3+$G$5*$D24^2+$G$6*$D24+$G$7,0) -> 4241 | H24: =ROUND($H$4*$D24^4+$H$5*$D24^3+$H$6*$D24^2+$H$7*$D24+$H$8,0) -> 4277 | I24: =ROUND($I$4*$D24^5+$I$5*$D24^4+$I$6*$D24^3+$I$7*$D24^2+$I$8*$D24+$I$9,0) -> 4314 | J24: =ROUND($J$4*$D24^6+$J$5*$D24^5+$J$6*$D24^4+$J$7*$D24^3+$J$8*$D24^2+$J$9*$D24+$J$10,0) -> 4351 | K24: =ROUND($K$4*LN(D24)+$K$5,0) -> 2925 | L24: =ROUND(10^$L$5*$D24^$L$4,0) -> 3242 | M24: =ROUND($M$5*EXP($M$4*$D24),0) -> 3253 | O24: =+O23+$C$17 -> 2036 | P24: 3080 | Q24: =ROUND(Censal!$D$6+($P$10*Censal!$D$6*(O24-Censal!$C$6)),0) -> 2915 | R24: =ROUND(Censal!$D$6*(1+ProyectadaTotal!$Q$4)^(ProyectadaTotal!O24-Censal!$C$6),0) -> 3150 | S24: =ROUND(Censal!$D$2*EXP(ProyectadaTotal!$R$10*(ProyectadaTotal!O24-Censal!$C$2)),0) -> 3342 | T24: =ROUND(Censal!$D$2*(200+(ProyectadaTotal!$S$10*100*(ProyectadaTotal!O24-Censal!$C$2)))/(200-(ProyectadaTotal!$S$10*100*(ProyectadaTotal!O24-Censal!$C$2))),0) -> 2271
B25: =B24 -> Proyectada | C25: =Censal!$B$2 -> Municipio | D25: =+D24+$C$17 -> 2039 | E25: =ROUND($E$4*$D25+$E$5,0) -> 2998 | F25: =ROUND($F$4*$D25^2+$F$5*$D25+$F$6,0) -> 1896 | G25: =ROUND($G$4*$D25^3+$G$5*$D25^2+$G$6*$D25+$G$7,0) -> 4806 | H25: =ROUND($H$4*$D25^4+$H$5*$D25^3+$H$6*$D25^2+$H$7*$D25+$H$8,0) -> 4856 | I25: =ROUND($I$4*$D25^5+$I$5*$D25^4+$I$6*$D25^3+$I$7*$D25^2+$I$8*$D25+$I$9,0) -> 4907 | J25: =ROUND($J$4*$D25^6+$J$5*$D25^5+$J$6*$D25^4+$J$7*$D25^3+$J$8*$D25^2+$J$9*$D25+$J$10,0) -> 4960 | K25: =ROUND($K$4*LN(D25)+$K$5,0) -> 2991 | L25: =ROUND(10^$L$5*$D25^$L$4,0) -> 3361 | M25: =ROUND($M$5*EXP($M$4*$D25),0) -> 3374 | O25: =+O24+$C$17 -> 2039 | Q25: =ROUND(Censal!$D$6+($P$10*Censal!$D$6*(O25-Censal!$C$6)),0) -> 2993 | R25: =ROUND(Censal!$D$6*(1+ProyectadaTotal!$Q$4)^(ProyectadaTotal!O25-Censal!$C$6),0) -> 3286 | S25: =ROUND(Censal!$D$2*EXP(ProyectadaTotal!$R$10*(ProyectadaTotal!O25-Censal!$C$2)),0) -> 3496 | T25: =ROUND(Censal!$D$2*(200+(ProyectadaTotal!$S$10*100*(ProyectadaTotal!O25-Censal!$C$2)))/(200-(ProyectadaTotal!$S$10*100*(ProyectadaTotal!O25-Censal!$C$2))),0) -> 2336
B26: =B25 -> Proyectada | C26: =Censal!$B$2 -> Municipio | D26: =D25+$C$17 -> 2042 | E26: =ROUND($E$4*$D26+$E$5,0) -> 3065 | F26: =ROUND($F$4*$D26^2+$F$5*$D26+$F$6,0) -> 1781 | G26: =ROUND($G$4*$D26^3+$G$5*$D26^2+$G$6*$D26+$G$7,0) -> 5466 | H26: =ROUND($H$4*$D26^4+$H$5*$D26^3+$H$6*$D26^2+$H$7*$D26+$H$8,0) -> 5534 | I26: =ROUND($I$4*$D26^5+$I$5*$D26^4+$I$6*$D26^3+$I$7*$D26^2+$I$8*$D26+$I$9,0) -> 5603 | J26: =ROUND($J$4*$D26^6+$J$5*$D26^5+$J$6*$D26^4+$J$7*$D26^3+$J$8*$D26^2+$J$9*$D26+$J$10,0) -> 5674 | K26: =ROUND($K$4*LN(D26)+$K$5,0) -> 3056 | L26: =ROUND(10^$L$5*$D26^$L$4,0) -> 3484 | M26: =ROUND($M$5*EXP($M$4*$D26),0) -> 3500 | O26: =+O25+$C$17 -> 2042 | Q26: =ROUND(Censal!$D$6+($P$10*Censal!$D$6*(O26-Censal!$C$6)),0) -> 3072 | R26: =ROUND(Censal!$D$6*(1+ProyectadaTotal!$Q$4)^(ProyectadaTotal!O26-Censal!$C$6),0) -> 3428 | S26: =ROUND(Censal!$D$2*EXP(ProyectadaTotal!$R$10*(ProyectadaTotal!O26-Censal!$C$2)),0) -> 3658 | T26: =ROUND(Censal!$D$2*(200+(ProyectadaTotal!$S$10*100*(ProyectadaTotal!O26-Censal!$C$2)))/(200-(ProyectadaTotal!$S$10*100*(ProyectadaTotal!O26-Censal!$C$2))),0) -> 2404
B27: =B26 -> Proyectada | C27: =Censal!$B$2 -> Municipio | D27: =D26+$C$17 -> 2045 | E27: =ROUND($E$4*$D27+$E$5,0) -> 3132 | F27: =ROUND($F$4*$D27^2+$F$5*$D27+$F$6,0) -> 1653 | G27: =ROUND($G$4*$D27^3+$G$5*$D27^2+$G$6*$D27+$G$7,0) -> 6227 | H27: =ROUND($H$4*$D27^4+$H$5*$D27^3+$H$6*$D27^2+$H$7*$D27+$H$8,0) -> 6317 | I27: =ROUND($I$4*$D27^5+$I$5*$D27^4+$I$6*$D27^3+$I$7*$D27^2+$I$8*$D27+$I$9,0) -> 6409 | J27: =ROUND($J$4*$D27^6+$J$5*$D27^5+$J$6*$D27^4+$J$7*$D27^3+$J$8*$D27^2+$J$9*$D27+$J$10,0) -> 6503 | K27: =ROUND($K$4*LN(D27)+$K$5,0) -> 3121 | L27: =ROUND(10^$L$5*$D27^$L$4,0) -> 3611 | M27: =ROUND($M$5*EXP($M$4*$D27),0) -> 3631 | O27: =+O26+$C$17 -> 2045 | Q27: =ROUND(Censal!$D$6+($P$10*Censal!$D$6*(O27-Censal!$C$6)),0) -> 3150 | R27: =ROUND(Censal!$D$6*(1+ProyectadaTotal!$Q$4)^(ProyectadaTotal!O27-Censal!$C$6),0) -> 3576 | S27: =ROUND(Censal!$D$2*EXP(ProyectadaTotal!$R$10*(ProyectadaTotal!O27-Censal!$C$2)),0) -> 3826 | T27: =ROUND(Censal!$D$2*(200+(ProyectadaTotal!$S$10*100*(ProyectadaTotal!O27-Censal!$C$2)))/(200-(ProyectadaTotal!$S$10*100*(ProyectadaTotal!O27-Censal!$C$2))),0) -> 2474
B28: =B27 -> Proyectada | C28: =Censal!$B$2 -> Municipio | D28: =D27+$C$17 -> 2048 | E28: =ROUND($E$4*$D28+$E$5,0) -> 3199 | F28: =ROUND($F$4*$D28^2+$F$5*$D28+$F$6,0) -> 1514 | G28: =ROUND($G$4*$D28^3+$G$5*$D28^2+$G$6*$D28+$G$7,0) -> 7098 | H28: =ROUND($H$4*$D28^4+$H$5*$D28^3+$H$6*$D28^2+$H$7*$D28+$H$8,0) -> 7214 | I28: =ROUND($I$4*$D28^5+$I$5*$D28^4+$I$6*$D28^3+$I$7*$D28^2+$I$8*$D28+$I$9,0) -> 7334 | J28: =ROUND($J$4*$D28^6+$J$5*$D28^5+$J$6*$D28^4+$J$7*$D28^3+$J$8*$D28^2+$J$9*$D28+$J$10,0) -> 7456 | K28: =ROUND($K$4*LN(D28)+$K$5,0) -> 3187 | L28: =ROUND(10^$L$5*$D28^$L$4,0) -> 3742 | M28: =ROUND($M$5*EXP($M$4*$D28),0) -> 3766 | O28: =+O27+$C$17 -> 2048 | Q28: =ROUND(Censal!$D$6+($P$10*Censal!$D$6*(O28-Censal!$C$6)),0) -> 3229 | R28: =ROUND(Censal!$D$6*(1+ProyectadaTotal!$Q$4)^(ProyectadaTotal!O28-Censal!$C$6),0) -> 3730 | S28: =ROUND(Censal!$D$2*EXP(ProyectadaTotal!$R$10*(ProyectadaTotal!O28-Censal!$C$2)),0) -> 4003 | T28: =ROUND(Censal!$D$2*(200+(ProyectadaTotal!$S$10*100*(ProyectadaTotal!O28-Censal!$C$2)))/(200-(ProyectadaTotal!$S$10*100*(ProyectadaTotal!O28-Censal!$C$2))),0) -> 2546
B29: =B28 -> Proyectada | C29: =Censal!$B$2 -> Municipio | D29: =D28+$C$17 -> 2051 | E29: =ROUND($E$4*$D29+$E$5,0) -> 3266 | F29: =ROUND($F$4*$D29^2+$F$5*$D29+$F$6,0) -> 1362 | G29: =ROUND($G$4*$D29^3+$G$5*$D29^2+$G$6*$D29+$G$7,0) -> 8085 | H29: =ROUND($H$4*$D29^4+$H$5*$D29^3+$H$6*$D29^2+$H$7*$D29+$H$8,0) -> 8233 | I29: =ROUND($I$4*$D29^5+$I$5*$D29^4+$I$6*$D29^3+$I$7*$D29^2+$I$8*$D29+$I$9,0) -> 8385 | J29: =ROUND($J$4*$D29^6+$J$5*$D29^5+$J$6*$D29^4+$J$7*$D29^3+$J$8*$D29^2+$J$9*$D29+$J$10,0) -> 8541 | K29: =ROUND($K$4*LN(D29)+$K$5,0) -> 3252 | L29: =ROUND(10^$L$5*$D29^$L$4,0) -> 3878 | M29: =ROUND($M$5*EXP($M$4*$D29),0) -> 3907 | O29: =+O28+$C$17 -> 2051 | Q29: =ROUND(Censal!$D$6+($P$10*Censal!$D$6*(O29-Censal!$C$6)),0) -> 3307 | R29: =ROUND(Censal!$D$6*(1+ProyectadaTotal!$Q$4)^(ProyectadaTotal!O29-Censal!$C$6),0) -> 3892 | S29: =ROUND(Censal!$D$2*EXP(ProyectadaTotal!$R$10*(ProyectadaTotal!O29-Censal!$C$2)),0) -> 4188 | T29: =ROUND(Censal!$D$2*(200+(ProyectadaTotal!$S$10*100*(ProyectadaTotal!O29-Censal!$C$2)))/(200-(ProyectadaTotal!$S$10*100*(ProyectadaTotal!O29-Censal!$C$2))),0) -> 2622
B31: Etiquetas en gráfica | O31: 1973 | P31: =+Censal!D2 -> 1296 | Q31: =ROUND(Censal!$D$6+($P$10*Censal!$D$6*(O31-Censal!$C$6)),0) -> 1267 | R31: =ROUND(Censal!$D$6*(1+ProyectadaTotal!$Q$4)^(ProyectadaTotal!O31-Censal!$C$6),0) -> 1296 | S31: =ROUND(Censal!$D$2*EXP(ProyectadaTotal!$R$10*(ProyectadaTotal!O31-Censal!$C$2)),0) -> 1296 | T31: =ROUND(Censal!$D$2*(200+(ProyectadaTotal!$S$10*100*(ProyectadaTotal!O31-Censal!$C$2)))/(200-(ProyectadaTotal!$S$10*100*(ProyectadaTotal!O31-Censal!$C$2))),0) -> 1296
B32: =_xlfn.CONCAT(Censal!A2," - Población censal ",Censal!B2," y población proyectada a ",D29-D19," años con diferentes tendencias") -> DANE - Población censal Municipio y población proyectada a 30 años con diferentes tendencias | O32: 1985 | P32: =+Censal!D3 -> 1903 | Q32: =ROUND(Censal!$D$6+($P$10*Censal!$D$6*(O32-Censal!$C$6)),0) -> 1581 | R32: =ROUND(Censal!$D$6*(1+ProyectadaTotal!$Q$4)^(ProyectadaTotal!O32-Censal!$C$6),0) -> 1535 | S32: =ROUND(Censal!$D$2*EXP(ProyectadaTotal!$R$10*(ProyectadaTotal!O32-Censal!$C$2)),0) -> 1552 | T32: =ROUND(Censal!$D$2*(200+(ProyectadaTotal!$S$10*100*(ProyectadaTotal!O32-Censal!$C$2)))/(200-(ProyectadaTotal!$S$10*100*(ProyectadaTotal!O32-Censal!$C$2))),0) -> 1438
B33: =_xlfn.CONCAT(Censal!A2," - Población censal ",Censal!B2," y población proyectada a ",D29-D19," años para el ajuste seleccionado") -> DANE - Población censal Municipio y población proyectada a 30 años para el ajuste seleccionado | O33: 1993 | P33: =+Censal!D4 -> 2319 | Q33: =ROUND(Censal!$D$6+($P$10*Censal!$D$6*(O33-Censal!$C$6)),0) -> 1790 | R33: =ROUND(Censal!$D$6*(1+ProyectadaTotal!$Q$4)^(ProyectadaTotal!O33-Censal!$C$6),0) -> 1718 | S33: =ROUND(Censal!$D$2*EXP(ProyectadaTotal!$R$10*(ProyectadaTotal!O33-Censal!$C$2)),0) -> 1751 | T33: =ROUND(Censal!$D$2*(200+(ProyectadaTotal!$S$10*100*(ProyectadaTotal!O33-Censal!$C$2)))/(200-(ProyectadaTotal!$S$10*100*(ProyectadaTotal!O33-Censal!$C$2))),0) -> 1542
B34: =_xlfn.CONCAT(Censal!A2," - Población censal municipal") -> DANE - Población censal municipal | O34: 2005 | P34: =+Censal!D5 -> 2106 | Q34: =ROUND(Censal!$D$6+($P$10*Censal!$D$6*(O34-Censal!$C$6)),0) -> 2104 | R34: =ROUND(Censal!$D$6*(1+ProyectadaTotal!$Q$4)^(ProyectadaTotal!O34-Censal!$C$6),0) -> 2035 | S34: =ROUND(Censal!$D$2*EXP(ProyectadaTotal!$R$10*(ProyectadaTotal!O34-Censal!$C$2)),0) -> 2097 | T34: =ROUND(Censal!$D$2*(200+(ProyectadaTotal!$S$10*100*(ProyectadaTotal!O34-Censal!$C$2)))/(200-(ProyectadaTotal!$S$10*100*(ProyectadaTotal!O34-Censal!$C$2))),0) -> 1714
O35: 2018 | P35: =+Censal!D6 -> 2444 | Q35: =ROUND(Censal!$D$6+($P$10*Censal!$D$6*(O35-Censal!$C$6)),0) -> 2444 | R35: =ROUND(Censal!$D$6*(1+ProyectadaTotal!$Q$4)^(ProyectadaTotal!O35-Censal!$C$6),0) -> 2444 | S35: =ROUND(Censal!$D$2*EXP(ProyectadaTotal!$R$10*(ProyectadaTotal!O35-Censal!$C$2)),0) -> 2550 | T35: =ROUND(Censal!$D$2*(200+(ProyectadaTotal!$S$10*100*(ProyectadaTotal!O35-Censal!$C$2)))/(200-(ProyectadaTotal!$S$10*100*(ProyectadaTotal!O35-Censal!$C$2))),0) -> 1925
B37: Población censal y proyectada a 30 años con diferentes tendencias. Municipio de San Luis de Gaceno

Sheet PoblacionGIS
A1: =Censal!A1 -> Fuente | B1: =Censal!B1 -> Zona | C1: =Censal!C1 -> Fecha | D1: =Censal!D1 -> PTotal
A2: =Censal!A2 -> DANE | B2: =Censal!B2 -> Municipio | C2: =Censal!C2 -> 1973 | D2: =Censal!D2 -> 1296
A3: =Censal!A3 -> DANE | B3: =Censal!B3 -> Municipio | C3: =Censal!C3 -> 1985 | D3: =Censal!D3 -> 1903
A4: =Censal!A4 -> DANE | B4: =Censal!B4 -> Municipio | C4: =Censal!C4 -> 1993 | D4: =Censal!D4 -> 2319
A5: =Censal!A5 -> DANE | B5: =Censal!B5 -> Municipio | C5: =Censal!C5 -> 2005 | D5: =Censal!D5 -> 2106
A6: =Censal!A6 -> DANE | B6: =Censal!B6 -> Municipio | C6: =Censal!C6 -> 2018 | D6: =Censal!D6 -> 2444
A7: =Censal!A6 -> DANE | B7: =Censal!B6 -> Municipio | C7: =Censal!C6 -> 2018 | D7: =Censal!D6 -> 2444
A8: =ProyectadaTotal!B19 -> Proyectada | B8: =ProyectadaTotal!C19 -> Municipio | C8: =ProyectadaTotal!D19 -> 2021 | D8: =+AVERAGE(ProyectadaTotal!K19,ProyectadaTotal!Q19) -> 2559
A9: =ProyectadaTotal!B20 -> Proyectada | B9: =ProyectadaTotal!C20 -> Municipio | C9: =ProyectadaTotal!D20 -> 2024 | D9: =+AVERAGE(ProyectadaTotal!K20,ProyectadaTotal!Q20) -> 2631.5
A10: =ProyectadaTotal!B21 -> Proyectada | B10: =ProyectadaTotal!C21 -> Municipio | C10: =ProyectadaTotal!D21 -> 2027 | D10: =+AVERAGE(ProyectadaTotal!K21,ProyectadaTotal!Q21) -> 2703.5
A11: =ProyectadaTotal!B22 -> Proyectada | B11: =ProyectadaTotal!C22 -> Municipio | C11: =ProyectadaTotal!D22 -> 2030 | D11: =+AVERAGE(ProyectadaTotal!K22,ProyectadaTotal!Q22) -> 2776
A12: =ProyectadaTotal!B23 -> Proyectada | B12: =ProyectadaTotal!C23 -> Municipio | C12: =ProyectadaTotal!D23 -> 2033 | D12: =+AVERAGE(ProyectadaTotal!K23,ProyectadaTotal!Q23) -> 2847.5
A13: =ProyectadaTotal!B24 -> Proyectada | B13: =ProyectadaTotal!C24 -> Municipio | C13: =ProyectadaTotal!D24 -> 2036 | D13: =+AVERAGE(ProyectadaTotal!K24,ProyectadaTotal!Q24) -> 2920
A14: =ProyectadaTotal!B25 -> Proyectada | B14: =ProyectadaTotal!C25 -> Municipio | C14: =ProyectadaTotal!D25 -> 2039 | D14: =+AVERAGE(ProyectadaTotal!K25,ProyectadaTotal!Q25) -> 2992
A15: =ProyectadaTotal!B26 -> Proyectada | B15: =ProyectadaTotal!C26 -> Municipio | C15: =ProyectadaTotal!D26 -> 2042 | D15: =+AVERAGE(ProyectadaTotal!K26,ProyectadaTotal!Q26) -> 3064
A16: =ProyectadaTotal!B27 -> Proyectada | B16: =ProyectadaTotal!C27 -> Municipio | C16: =ProyectadaTotal!D27 -> 2045 | D16: =+AVERAGE(ProyectadaTotal!K27,ProyectadaTotal!Q27) -> 3135.5
A17: =ProyectadaTotal!B28 -> Proyectada | B17: =ProyectadaTotal!C28 -> Municipio | C17: =ProyectadaTotal!D28 -> 2048 | D17: =+AVERAGE(ProyectadaTotal!K28,ProyectadaTotal!Q28) -> 3208
A18: =ProyectadaTotal!B29 -> Proyectada | B18: =ProyectadaTotal!C29 -> Municipio | C18: =ProyectadaTotal!D29 -> 2051 | D18: =+AVERAGE(ProyectadaTotal!K29,ProyectadaTotal!Q29) -> 3279.5
