Workbook

Sheet Censal
A1: Fuente | B1: Zona | C1: Fecha | D1: PTotal | E1: PTMasc | F1: PTFem | G1: PTUrbano | H1: PTRural | I1: PTCPR | J1: PT0_6 | K1: PT7_12 | L1: PT13_18 | M1: PT15_64 | N1: PT60Max | O1: PM0_6 | P1: PM7_12 | Q1: PM13_18 | R1: PM15_64 | S1: PM60Max | T1: PF0_6 | U1: v7_12 | V1: PF13_18 | W1: PF15_64 | X1: PF60Max
A2: DANE | B2: Municipio | C2: 1905 | D2: 7108
A3: =$A$2 -> DANE | B3: =$B$2 -> Municipio | C3: 1928 | D3: 11480
A4: =$A$2 -> DANE | B4: =$B$2 -> Municipio | C4: 1938 | D4: 12273
A5: =$A$2 -> DANE | B5: =$B$2 -> Municipio | C5: 1951 | D5: 20628
A6: =$A$2 -> DANE | B6: =$B$2 -> Municipio | C6: 1964 | D6: 27775
A7: =$A$2 -> DANE | B7: =$B$2 -> Municipio | C7: 1973 | D7: 39836
A8: =$A$2 -> DANE | B8: =$B$2 -> Municipio | C8: 1985 | D8: 60202
A9: =$A$2 -> DANE | B9: =$B$2 -> Municipio | C9: 1993 | D9: 69695
A10: =$A$2 -> DANE | B10: =$B$2 -> Municipio | C10: 1995 | D10: 78923
A11: =$A$2 -> DANE | B11: =$B$2 -> Municipio | C11: 2005 | D11: 100038
A12: =$A$2 -> DANE | B12: =$B$2 -> Municipio | C12: 2017 | D12: 118267
A13: =$A$2 -> DANE | B13: =$B$2 -> Municipio | C13: 2018 | D13: 128968

Sheet DinamicaDemografica
B2: Ejemplo de dinámica demográfica municipal
B4: Nacen (N) → | C4: 342 | F4: 976 | G4: ← Inmigran (I)
C5: Población inicial (Po)
D6: =MAX(Censal!D2:D102) -> 128968
B7: Mueren (D) → | C7: 64 | F7: 342 | G7: ← Emigran (E)
C8: ↓ | F8: ↓
B9: Saldo vegetativo (CV = N - D) | C9: =C4-C7 -> 278 | F9: =F4-F7 -> 634 | G9: Saldo migratorio (MN = I - E)
C10: ↓ | F10: ↓
C11: Saldo o crecimiento total (CT = CV + MN)
C12: =C9+F9 -> 912
C13: ↓ | F13: ↓
B14: Población final (Pr = Po + CT) | C14: =D6+C12 -> 129880 | F14: =(D6+C14)/2 -> 129424 | G14: Población promedio (PM = (Po + Pr) / 2)
B16: Tasas
B17: Tasa de crecimiento total por cada 1000 habitantes, TCT = (CT / PM) * 1000 | G17: =(C12/F14)*1000 -> 7.0466065
B18: Tasa bruta de natalidad por cada 1000 habitantes, TBN = (N / PM) * 1000 | G18: =(C4/F14)*1000 -> 2.6424774
B19: Tasa bruta de mortalidad por cada 1000 habitantes, TBM = (D / PM) * 1000 | G19: =(C7/F14)*1000 -> 0.4944987
B20: Tasa de crecimiento vegetativo por cada 1000 habitantes, TCV = TBN - TBM | G20: =G18-G19 -> 2.1479787
B21: Tasa de inmigración por cada 1000 habitantes, TI = (I / PM) * 1000 | G21: =(F4/F14)*1000 -> 7.5411052
B22: Tasa de emigración por cada 1000 habitantes, TE = (E / PM) * 1000 | G22: =(F7/F14)*1000 -> 2.6424774
B23: Tasa de migración neta por cada 1000 habitantes, TMN = TI - TE | G23: =G21-G22 -> 4.8986278

Sheet ProyectadaTotal
B2: Análisis de tendencias
B3: Tendencias y constantes | D3: Tendencias | E3: Lineal | F3: Polinomio grado 2 | G3: Polinomio grado 3 | H3: Polinomio grado 4 | I3: Polinomio grado 5 | J3: Polinomio grado 6 | K3: Logarítmica | L3: Potencial | M3: Exponencial
D4: c1 | E4: {=INDEX(LINEST(Censal!D2:D13,Censal!C2:C13^{1},TRUE,TRUE),1,1)} -> 1117.7981 | F4: {=INDEX(LINEST(Censal!D2:D13,Censal!C2:C13^{1,2},TRUE,TRUE),1,1)} -> 12.148251 | G4: {=INDEX(LINEST(Censal!D2:D13,Censal!C2:C13^{1,2,3},TRUE,TRUE),1,1)} -> 0.020673348 | H4: {=INDEX(LINEST(Censal!D2:D13,Censal!C2:C13^{1,2,3,4},TRUE,TRUE),1,1)} -> -0.0017006019 | I4: {=INDEX(LINEST(Censal!D2:D13,Censal!C2:C13^{1,2,3,4,5},TRUE,TRUE),1,1)} -> -6.9619626e-07 | J4: {=INDEX(LINEST(Censal!D2:D13,Censal!C2:C13^{1,2,3,4,5,6},TRUE,TRUE),1,1)} -> -2.965865e-10 | K4: {=INDEX(LINEST(Censal!D2:D13,LN(Censal!C2:C13)^{1},TRUE,TRUE),1,1)} -> 2189522.9 | L4: {=INDEX(LINEST(LOG(Censal!D2:D13),LOG(Censal!C2:C13)^{1},TRUE,TRUE),1,1)} -> 53.475614 | M4: {=INDEX(LINEST(LN(Censal!D2:D13),Censal!C2:C13^{1},TRUE,TRUE),1,1)} -> 0.027224154
D5: c2 | E5: {=INDEX(LINEST(Censal!D2:D13,Censal!C2:C13^{1},TRUE,TRUE),1,2)} -> -2148777 | F5: {=INDEX(LINEST(Censal!D2:D13,Censal!C2:C13^{1,2},TRUE,TRUE),1,2)} -> -46629.597 | G5: {=INDEX(LINEST(Censal!D2:D13,Censal!C2:C13^{1,2,3},TRUE,TRUE),1,2)} -> -109.61058 | H5: {=INDEX(LINEST(Censal!D2:D13,Censal!C2:C13^{1,2,3,4},TRUE,TRUE),1,2)} -> 13.372296 | I5: {=INDEX(LINEST(Censal!D2:D13,Censal!C2:C13^{1,2,3,4,5},TRUE,TRUE),1,2)} -> 0.0051309804 | J5: {=INDEX(LINEST(Censal!D2:D13,Censal!C2:C13^{1,2,3,4,5,6},TRUE,TRUE),1,2)} -> 2.0979244e-06 | K5: {=INDEX(LINEST(Censal!D2:D13,LN(Censal!C2:C13)^{1},TRUE,TRUE),1,2)} -> -16555613 | L5: {=INDEX(LINEST(LOG(Censal!D2:D13),LOG(Censal!C2:C13)^{1},TRUE,TRUE),1,2)} -> -171.61286 | M5: {=EXP(INDEX(LINEST(LN(Censal!D2:D13),Censal!C2:C13^{1},TRUE,TRUE),1,2))} -> 1.8412668e-19
D6: c3 | F6: {=INDEX(LINEST(Censal!D2:D13,Censal!C2:C13^{1,2},TRUE,TRUE),1,3)} -> 44752417 | G6: {=INDEX(LINEST(Censal!D2:D13,Censal!C2:C13^{1,2,3},TRUE,TRUE),1,3)} -> 192360.83 | H6: {=INDEX(LINEST(Censal!D2:D13,Censal!C2:C13^{1,2,3,4},TRUE,TRUE),1,3)} -> -39413.284 | I6: {=INDEX(LINEST(Censal!D2:D13,Censal!C2:C13^{1,2,3,4,5},TRUE,TRUE),1,3)} -> -13.439479 | J6: {=INDEX(LINEST(Censal!D2:D13,Censal!C2:C13^{1,2,3,4,5,6},TRUE,TRUE),1,3)} -> -0.0051504523
D7: c4 | G7: {=INDEX(LINEST(Censal!D2:D13,Censal!C2:C13^{1,2,3},TRUE,TRUE),1,4)} -> -1.1158056e+08 | H7: {=INDEX(LINEST(Censal!D2:D13,Censal!C2:C13^{1,2,3,4},TRUE,TRUE),1,4)} -> 51606905 | I7: {=INDEX(LINEST(Censal!D2:D13,Censal!C2:C13^{1,2,3,4,5},TRUE,TRUE),1,4)} -> 13195.034 | J7: {=INDEX(LINEST(Censal!D2:D13,Censal!C2:C13^{1,2,3,4,5,6},TRUE,TRUE),1,4)} -> 4.493933
D8: c5 | H8: {=INDEX(LINEST(Censal!D2:D13,Censal!C2:C13^{1,2,3,4},TRUE,TRUE),1,5)} -> -2.5329326e+10 | I8: {=INDEX(LINEST(Censal!D2:D13,Censal!C2:C13^{1,2,3,4,5},TRUE,TRUE),1,5)} -> 0 | J8: {=INDEX(LINEST(Censal!D2:D13,Censal!C2:C13^{1,2,3,4,5,6},TRUE,TRUE),1,5)} -> 0
D9: c6 | I9: {=INDEX(LINEST(Censal!D2:D13,Censal!C2:C13^{1,2,3,4,5},TRUE,TRUE),1,6)} -> -5.0816262e+09 | J9: {=INDEX(LINEST(Censal!D2:D13,Censal!C2:C13^{1,2,3,4,5,6},TRUE,TRUE),1,6)} -> 0
D10: c7 | J10: {=INDEX(LINEST(Censal!D2:D13,Censal!C2:C13^{1,2,3,4,5,6},TRUE,TRUE),1,7)} -> -1.6961848e+09
D11: R² | E11: {=INDEX(LINEST(Censal!D2:D13,Censal!C2:C13^{1},TRUE,TRUE),3,1)} -> 0.88230341 | F11: {=INDEX(LINEST(Censal!D2:D13,Censal!C2:C13^{1,2},TRUE,TRUE),3,1)} -> 0.99488071 | G11: {=INDEX(LINEST(Censal!D2:D13,Censal!C2:C13^{1,2,3},TRUE,TRUE),3,1)} -> 0.99521663 | H11: {=INDEX(LINEST(Censal!D2:D13,Censal!C2:C13^{1,2,3,4},TRUE,TRUE),3,1)} -> 0.99666324 | I11: {=INDEX(LINEST(Censal!D2:D13,Censal!C2:C13^{1,2,3,4,5},TRUE,TRUE),3,1)} -> 0.99666728 | J11: {=INDEX(LINEST(Censal!D2:D13,Censal!C2:C13^{1,2,3,4,5,6},TRUE,TRUE),3,1)} -> 0.99667112 | K11: {=INDEX(LINEST(Censal!D2:D13,LN(Censal!C2:C13)^{1},TRUE,TRUE),3,1)} -> 0.87697001 | L11: {=INDEX(LINEST(LOG(Censal!D2:D13),LOG(Censal!C2:C13)^{1},TRUE,TRUE),3,1)} -> 0.98919296 | M11: {=INDEX(LINEST(LN(Censal!D2:D13),Censal!C2:C13^{1},TRUE,TRUE),3,1)} -> 0.98965463
D12: Mejor ajuste numérico | E12: =IF(E11=MAX($E$11:$M$11),"✓","") | F12: =IF(F11=MAX($E$11:$M$11),"✓","") | G12: =IF(G11=MAX($E$11:$M$11),"✓","") | H12: =IF(H11=MAX($E$11:$M$11),"✓","") | I12: =IF(I11=MAX($E$11:$M$11),"✓","") | J12: =IF(J11=MAX($E$11:$M$11),"✓","") -> ✓ | K12: =IF(K11=MAX($E$11:$M$11),"✓","") | L12: =IF(L11=MAX($E$11:$M$11),"✓","") | M12: =IF(M11=MAX($E$11:$M$11),"✓","")
D13: Observación | H13: Sobre ajuste | I13: Sobre ajuste | J13: Sobre ajuste
D14: Mejor ajuste visual | F14: ✓
B16: Proyección de población
B17: Proyecciones cada | C17: 5 | D17: años desde el siguiente año censal del registro histórico
B18: Fuente | C18: Zona | D18: Fecha | E18: =E3 -> Lineal | F18: =F3 -> Polinomio grado 2 | G18: =G3 -> Polinomio grado 3 | H18: =H3 -> Polinomio grado 4 | I18: =I3 -> Polinomio grado 5 | J18: =J3 -> Polinomio grado 6 | K18: =K3 -> Logarítmica | L18: =L3 -> Potencial | M18: =M3 -> Exponencial
B19: Proyectada | C19: =Censal!$B$2 -> Municipio | D19: =MAX(Censal!C2:C103)+1 -> 2019 | E19: =ROUND($E$4*$D19+$E$5,0) -> 108057 | F19: =ROUND($F$4*$D19^2+$F$5*$D19+$F$6,0) -> 127918 | G19: =ROUND($G$4*$D19^3+$G$5*$D19^2+$G$6*$D19+$G$7,0) -> 128902 | H19: =ROUND($H$4*$D19^4+$H$5*$D19^3+$H$6*$D19^2+$H$7*$D19+$H$8,0) -> 127108 | I19: =ROUND($I$4*$D19^5+$I$5*$D19^4+$I$6*$D19^3+$I$7*$D19^2+$I$8*$D19+$I$9,0) -> 127087 | J19: =ROUND($J$4*$D19^6+$J$5*$D19^5+$J$6*$D19^4+$J$7*$D19^3+$J$8*$D19^2+$J$9*$D19+$J$10,0) -> 127066 | K19: =ROUND($K$4*LN(D19)+$K$5,0) -> 107439 | L19: =ROUND(10^$L$5*$D19^$L$4,0) -> 135311 | M19: =ROUND($M$5*EXP($M$4*$D19),0) -> 136886
B20: =B19 -> Proyectada | C20: =Censal!$B$2 -> Municipio | D20: =D19+$C$17 -> 2024 | E20: =ROUND($E$4*$D20+$E$5,0) -> 113646 | F20: =ROUND($F$4*$D20^2+$F$5*$D20+$F$6,0) -> 140346 | G20: =ROUND($G$4*$D20^3+$G$5*$D20^2+$G$6*$D20+$G$7,0) -> 142142 | H20: =ROUND($H$4*$D20^4+$H$5*$D20^3+$H$6*$D20^2+$H$7*$D20+$H$8,0) -> 136758 | I20: =ROUND($I$4*$D20^5+$I$5*$D20^4+$I$6*$D20^3+$I$7*$D20^2+$I$8*$D20+$I$9,0) -> 136659 | J20: =ROUND($J$4*$D20^6+$J$5*$D20^5+$J$6*$D20^4+$J$7*$D20^3+$J$8*$D20^2+$J$9*$D20+$J$10,0) -> 136558 | K20: =ROUND($K$4*LN(D20)+$K$5,0) -> 112854 | L20: =ROUND(10^$L$5*$D20^$L$4,0) -> 154446 | M20: =ROUND($M$5*EXP($M$4*$D20),0) -> 156847
B21: =B20 -> Proyectada | C21: =Censal!$B$2 -> Municipio | D21: =D20+$C$17 -> 2029 | E21: =ROUND($E$4*$D21+$E$5,0) -> 119235 | F21: =ROUND($F$4*$D21^2+$F$5*$D21+$F$6,0) -> 153383 | G21: =ROUND($G$4*$D21^3+$G$5*$D21^2+$G$6*$D21+$G$7,0) -> 156177 | H21: =ROUND($H$4*$D21^4+$H$5*$D21^3+$H$6*$D21^2+$H$7*$D21+$H$8,0) -> 145577 | I21: =ROUND($I$4*$D21^5+$I$5*$D21^4+$I$6*$D21^3+$I$7*$D21^2+$I$8*$D21+$I$9,0) -> 145345 | J21: =ROUND($J$4*$D21^6+$J$5*$D21^5+$J$6*$D21^4+$J$7*$D21^3+$J$8*$D21^2+$J$9*$D21+$J$10,0) -> 145108 | K21: =ROUND($K$4*LN(D21)+$K$5,0) -> 118257 | L21: =ROUND(10^$L$5*$D21^$L$4,0) -> 176229 | M21: =ROUND($M$5*EXP($M$4*$D21),0) -> 179718
B22: =B21 -> Proyectada | C22: =Censal!$B$2 -> Municipio | D22: =D21+$C$17 -> 2034 | E22: =ROUND($E$4*$D22+$E$5,0) -> 124824 | F22: =ROUND($F$4*$D22^2+$F$5*$D22+$F$6,0) -> 167026 | G22: =ROUND($G$4*$D22^3+$G$5*$D22^2+$G$6*$D22+$G$7,0) -> 171024 | H22: =ROUND($H$4*$D22^4+$H$5*$D22^3+$H$6*$D22^2+$H$7*$D22+$H$8,0) -> 153256 | I22: =ROUND($I$4*$D22^5+$I$5*$D22^4+$I$6*$D22^3+$I$7*$D22^2+$I$8*$D22+$I$9,0) -> 152816 | J22: =ROUND($J$4*$D22^6+$J$5*$D22^5+$J$6*$D22^4+$J$7*$D22^3+$J$8*$D22^2+$J$9*$D22+$J$10,0) -> 152365 | K22: =ROUND($K$4*LN(D22)+$K$5,0) -> 123646 | L22: =ROUND(10^$L$5*$D22^$L$4,0) -> 201019 | M22: =ROUND($M$5*EXP($M$4*$D22),0) -> 205925
B23: =B22 -> Proyectada | C23: =Censal!$B$2 -> Municipio | D23: =D22+$C$17 -> 2039 | E23: =ROUND($E$4*$D23+$E$5,0) -> 130413 | F23: =ROUND($F$4*$D23^2+$F$5*$D23+$F$6,0) -> 181278 | G23: =ROUND($G$4*$D23^3+$G$5*$D23^2+$G$6*$D23+$G$7,0) -> 186698 | H23: =ROUND($H$4*$D23^4+$H$5*$D23^3+$H$6*$D23^2+$H$7*$D23+$H$8,0) -> 159460 | I23: =ROUND($I$4*$D23^5+$I$5*$D23^4+$I$6*$D23^3+$I$7*$D23^2+$I$8*$D23+$I$9,0) -> 158714 | J23: =ROUND($J$4*$D23^6+$J$5*$D23^5+$J$6*$D23^4+$J$7*$D23^3+$J$8*$D23^2+$J$9*$D23+$J$10,0) -> 157947 | K23: =ROUND($K$4*LN(D23)+$K$5,0) -> 129021 | L23: =ROUND(10^$L$5*$D23^$L$4,0) -> 229222 | M23: =ROUND($M$5*EXP($M$4*$D23),0) -> 235953
B24: =B23 -> Proyectada | C24: =Censal!$B$2 -> Municipio | D24: =D23+$C$17 -> 2044 | E24: =ROUND($E$4*$D24+$E$5,0) -> 136002 | F24: =ROUND($F$4*$D24^2+$F$5*$D24+$F$6,0) -> 196136 | G24: =ROUND($G$4*$D24^3+$G$5*$D24^2+$G$6*$D24+$G$7,0) -> 203215 | H24: =ROUND($H$4*$D24^4+$H$5*$D24^3+$H$6*$D24^2+$H$7*$D24+$H$8,0) -> 163828 | I24: =ROUND($I$4*$D24^5+$I$5*$D24^4+$I$6*$D24^3+$I$7*$D24^2+$I$8*$D24+$I$9,0) -> 162651 | J24: =ROUND($J$4*$D24^6+$J$5*$D24^5+$J$6*$D24^4+$J$7*$D24^3+$J$8*$D24^2+$J$9*$D24+$J$10,0) -> 161440 | K24: =ROUND($K$4*LN(D24)+$K$5,0) -> 134384 | L24: =ROUND(10^$L$5*$D24^$L$4,0) -> 261299 | M24: =ROUND($M$5*EXP($M$4*$D24),0) -> 270359
B25: =B24 -> Proyectada | C25: =Censal!$B$2 -> Municipio | D25: =D24+$C$17 -> 2049 | E25: =ROUND($E$4*$D25+$E$5,0) -> 141591 | F25: =ROUND($F$4*$D25^2+$F$5*$D25+$F$6,0) -> 211602 | G25: =ROUND($G$4*$D25^3+$G$5*$D25^2+$G$6*$D25+$G$7,0) -> 220589 | H25: =ROUND($H$4*$D25^4+$H$5*$D25^3+$H$6*$D25^2+$H$7*$D25+$H$8,0) -> 165974 | I25: =ROUND($I$4*$D25^5+$I$5*$D25^4+$I$6*$D25^3+$I$7*$D25^2+$I$8*$D25+$I$9,0) -> 164213 | J25: =ROUND($J$4*$D25^6+$J$5*$D25^5+$J$6*$D25^4+$J$7*$D25^3+$J$8*$D25^2+$J$9*$D25+$J$10,0) -> 162395 | K25: =ROUND($K$4*LN(D25)+$K$5,0) -> 139733 | L25: =ROUND(10^$L$5*$D25^$L$4,0) -> 297768 | M25: =ROUND($M$5*EXP($M$4*$D25),0) -> 309783
B26: =B25 -> Proyectada | C26: =Censal!$B$2 -> Municipio | D26: =D25+$C$17 -> 2054 | E26: =ROUND($E$4*$D26+$E$5,0) -> 147180 | F26: =ROUND($F$4*$D26^2+$F$5*$D26+$F$6,0) -> 227676 | G26: =ROUND($G$4*$D26^3+$G$5*$D26^2+$G$6*$D26+$G$7,0) -> 238837 | H26: =ROUND($H$4*$D26^4+$H$5*$D26^3+$H$6*$D26^2+$H$7*$D26+$H$8,0) -> 165486 | I26: =ROUND($I$4*$D26^5+$I$5*$D26^4+$I$6*$D26^3+$I$7*$D26^2+$I$8*$D26+$I$9,0) -> 162951 | J26: =ROUND($J$4*$D26^6+$J$5*$D26^5+$J$6*$D26^4+$J$7*$D26^3+$J$8*$D26^2+$J$9*$D26+$J$10,0) -> 160328 | K26: =ROUND($K$4*LN(D26)+$K$5,0) -> 145070 | L26: =ROUND(10^$L$5*$D26^$L$4,0) -> 339220 | M26: =ROUND($M$5*EXP($M$4*$D26),0) -> 354956
B27: =B26 -> Proyectada | C27: =Censal!$B$2 -> Municipio | D27: =D26+$C$17 -> 2059 | E27: =ROUND($E$4*$D27+$E$5,0) -> 152769 | F27: =ROUND($F$4*$D27^2+$F$5*$D27+$F$6,0) -> 244356 | G27: =ROUND($G$4*$D27^3+$G$5*$D27^2+$G$6*$D27+$G$7,0) -> 257974 | H27: =ROUND($H$4*$D27^4+$H$5*$D27^3+$H$6*$D27^2+$H$7*$D27+$H$8,0) -> 161927 | I27: =ROUND($I$4*$D27^5+$I$5*$D27^4+$I$6*$D27^3+$I$7*$D27^2+$I$8*$D27+$I$9,0) -> 158390 | J27: =ROUND($J$4*$D27^6+$J$5*$D27^5+$J$6*$D27^4+$J$7*$D27^3+$J$8*$D27^2+$J$9*$D27+$J$10,0) -> 154720 | K27: =ROUND($K$4*LN(D27)+$K$5,0) -> 150393 | L27: =ROUND(10^$L$5*$D27^$L$4,0) -> 386319 | M27: =ROUND($M$5*EXP($M$4*$D27),0) -> 406716
B28: =B27 -> Proyectada | C28: =Censal!$B$2 -> Municipio | D28: =D27+$C$17 -> 2064 | E28: =ROUND($E$4*$D28+$E$5,0) -> 158358 | F28: =ROUND($F$4*$D28^2+$F$5*$D28+$F$6,0) -> 261645 | G28: =ROUND($G$4*$D28^3+$G$5*$D28^2+$G$6*$D28+$G$7,0) -> 278015 | H28: =ROUND($H$4*$D28^4+$H$5*$D28^3+$H$6*$D28^2+$H$7*$D28+$H$8,0) -> 154835 | I28: =ROUND($I$4*$D28^5+$I$5*$D28^4+$I$6*$D28^3+$I$7*$D28^2+$I$8*$D28+$I$9,0) -> 150023 | J28: =ROUND($J$4*$D28^6+$J$5*$D28^5+$J$6*$D28^4+$J$7*$D28^3+$J$8*$D28^2+$J$9*$D28+$J$10,0) -> 145018 | K28: =ROUND($K$4*LN(D28)+$K$5,0) -> 155704 | L28: =ROUND(10^$L$5*$D28^$L$4,0) -> 439820 | M28: =ROUND($M$5*EXP($M$4*$D28),0) -> 466023
B29: =B28 -> Proyectada | C29: =Censal!$B$2 -> Municipio | D29: =D28+$C$17 -> 2069 | E29: =ROUND($E$4*$D29+$E$5,0) -> 163947 | F29: =ROUND($F$4*$D29^2+$F$5*$D29+$F$6,0) -> 279540 | G29: =ROUND($G$4*$D29^3+$G$5*$D29^2+$G$6*$D29+$G$7,0) -> 298976 | H29: =ROUND($H$4*$D29^4+$H$5*$D29^3+$H$6*$D29^2+$H$7*$D29+$H$8,0) -> 143721 | I29: =ROUND($I$4*$D29^5+$I$5*$D29^4+$I$6*$D29^3+$I$7*$D29^2+$I$8*$D29+$I$9,0) -> 137312 | J29: =ROUND($J$4*$D29^6+$J$5*$D29^5+$J$6*$D29^4+$J$7*$D29^3+$J$8*$D29^2+$J$9*$D29+$J$10,0) -> 130632 | K29: =ROUND($K$4*LN(D29)+$K$5,0) -> 161001 | L29: =ROUND(10^$L$5*$D29^$L$4,0) -> 500572 | M29: =ROUND($M$5*EXP($M$4*$D29),0) -> 533979
B31: Etiquetas en gráfica
B32: =_xlfn.CONCAT(Censal!A2," - Población censal ",Censal!B2," y población proyectada a ",D29-D19," años con diferentes tendencias") -> DANE - Población censal Municipio y población proyectada a 50 años con diferentes tendencias
B33: =_xlfn.CONCAT(Censal!A2," - Población censal ",Censal!B2," y población proyectada a ",D29-D19," años para el ajuste seleccionado") -> DANE - Población censal Municipio y población proyectada a 50 años para el ajuste seleccionado
B34: =_xlfn.CONCAT(Censal!A2," - Población censal municipal") -> DANE - Población censal municipal

Sheet PoblacionGIS
A1: =Censal!A1 -> Fuente | B1: =Censal!B1 -> Zona | C1: =Censal!C1 -> Fecha | D1: =Censal!D1 -> PTotal
A2: =Censal!A2 -> DANE | B2: =Censal!B2 -> Municipio | C2: =Censal!C2 -> 1905 | D2: =Censal!D2 -> 7108
A3: =Censal!A3 -> DANE | B3: =Censal!B3 -> Municipio | C3: =Censal!C3 -> 1928 | D3: =Censal!D3 -> 11480
A4: =Censal!A4 -> DANE | B4: =Censal!B4 -> Municipio | C4: =Censal!C4 -> 1938 | D4: =Censal!D4 -> 12273
A5: =Censal!A5 -> DANE | B5: =Censal!B5 -> Municipio | C5: =Censal!C5 -> 1951 | D5: =Censal!D5 -> 20628
A6: =Censal!A6 -> DANE | B6: =Censal!B6 -> Municipio | C6: =Censal!C6 -> 1964 | D6: =Censal!D6 -> 27775
A7: =Censal!A7 -> DANE | B7: =Censal!B7 -> Municipio | C7: =Censal!C7 -> 1973 | D7: =Censal!D7 -> 39836
A8: =Censal!A8 -> DANE | B8: =Censal!B8 -> Municipio | C8: =Censal!C8 -> 1985 | D8: =Censal!D8 -> 60202
A9: =Censal!A9 -> DANE | B9: =Censal!B9 -> Municipio | C9: =Censal!C9 -> 1993 | D9: =Censal!D9 -> 69695
A10: =Censal!A10 -> DANE | B10: =Censal!B10 -> Municipio | C10: =Censal!C10 -> 1995 | D10: =Censal!D10 -> 78923
A11: =Censal!A11 -> DANE | B11: =Censal!B11 -> Municipio | C11: =Censal!C11 -> 2005 | D11: =Censal!D11 -> 100038
A12: =Censal!A13 -> DANE | B12: =Censal!B13 -> Municipio | C12: =Censal!C13 -> 2018 | D12: =Censal!D13 -> 128968
A13: =ProyectadaTotal!B19 -> Proyectada | B13: =ProyectadaTotal!C19 -> Municipio | C13: =ProyectadaTotal!D19 -> 2019 | D13: =ProyectadaTotal!F19 -> 127918
A14: =ProyectadaTotal!B20 -> Proyectada | B14: =ProyectadaTotal!C20 -> Municipio | C14: =ProyectadaTotal!D20 -> 2024 | D14: =ProyectadaTotal!F20 -> 140346
A15: =ProyectadaTotal!B21 -> Proyectada | B15: =ProyectadaTotal!C21 -> Municipio | C15: =ProyectadaTotal!D21 -> 2029 | D15: =ProyectadaTotal!F21 -> 153383
A16: =ProyectadaTotal!B22 -> Proyectada | B16: =ProyectadaTotal!C22 -> Municipio | C16: =ProyectadaTotal!D22 -> 2034 | D16: =ProyectadaTotal!F22 -> 167026
A17: =ProyectadaTotal!B23 -> Proyectada | B17: =ProyectadaTotal!C23 -> Municipio | C17: =ProyectadaTotal!D23 -> 2039 | D17: =ProyectadaTotal!F23 -> 181278
A18: =ProyectadaTotal!B24 -> Proyectada | B18: =ProyectadaTotal!C24 -> Municipio | C18: =ProyectadaTotal!D24 -> 2044 | D18: =ProyectadaTotal!F24 -> 196136
A19: =ProyectadaTotal!B25 -> Proyectada | B19: =ProyectadaTotal!C25 -> Municipio | C19: =ProyectadaTotal!D25 -> 2049 | D19: =ProyectadaTotal!F25 -> 211602
A20: =ProyectadaTotal!B26 -> Proyectada | B20: =ProyectadaTotal!C26 -> Municipio | C20: =ProyectadaTotal!D26 -> 2054 | D20: =ProyectadaTotal!F26 -> 227676
A21: =ProyectadaTotal!B27 -> Proyectada | B21: =ProyectadaTotal!C27 -> Municipio | C21: =ProyectadaTotal!D27 -> 2059 | D21: =ProyectadaTotal!F27 -> 244356
A22: =ProyectadaTotal!B28 -> Proyectada | B22: =ProyectadaTotal!C28 -> Municipio | C22: =ProyectadaTotal!D28 -> 2064 | D22: =ProyectadaTotal!F28 -> 261645
A23: =ProyectadaTotal!B29 -> Proyectada | B23: =ProyectadaTotal!C29 -> Municipio | C23: =ProyectadaTotal!D29 -> 2069 | D23: =ProyectadaTotal!F29 -> 279540
